config,tot,passed_count,pass%,Input,Output,Cost_Total,step,passed_step,Cache,Cost,Cost+,keep%,Add_Input,Add_Output,turn_capped%
play_qwen3-30b_skip,300,61,20.333333333333332,1629.3815833333333,11.692996666666666,0.10568220857142853,52.82666666666667,42.65573770491803,1314.4110333333335,0.10568220857142853,0.0,,0.0,0.0,0.05333333333333334
play_qwen3-30b_random,300,51,17.0,1420.9556,14.543396666666668,0.1073976680714286,79.51,62.23529411764706,1086.6000766666666,0.1073976680714286,0.0,25.03085253025495,0.0,0.0,0.39666666666666667
play_qwen3-30b_lingua,300,48,16.0,1360.8775266666667,16.495123333333332,0.10457685578571427,78.24,58.6875,1043.1474366666666,0.10457685578571427,0.0,23.267183152824497,0.0,0.0,0.38
play_qwen3-30b_ours,300,55,18.333333333333332,1014.6995733333333,11.56166,0.11317954978571429,58.446666666666665,45.03636363636364,813.3049233333334,0.07049395335714286,0.04268559642857143,22.5334465133335,128.50462333333334,17.673706666666664,0.07666666666666666
play_qwen3-30b_attncompess,300,59,19.666666666666664,879.7674466666666,11.89962,0.08260555150000001,62.38333333333333,49.32203389830509,602.0815033333333,0.08260555150000001,0.0,58.25922134534163,0.0,0.0,0.09666666666666666
play_qwen3-30b_llm_summary,300,52,17.333333333333336,1105.3160033333334,11.52186,0.09683133671428572,58.95666666666666,45.61538461538461,837.8378133333333,0.08514630242857144,0.011685034285714284,12.215570715666823,38.30746666666667,4.055673333333333,0.18
play_qwen3-30b_obs_mask,300,47,15.666666666666668,719.2115,12.342383333333332,0.03754951121428571,71.99333333333334,55.851063829787236,659.2777566666667,0.03754951121428571,0.0,0.6169151235430312,0.0,0.0,0.22666666666666666
