config,tot,passed_count,pass%,keep%,Input,Output,Cache,step,passed_step,Add_Input,Add_Output,Run_Time,Ana_Time,Agent_Time,turn_capped%
play_qwen3-30b_skip,100,42,42.0,,904840.12,10840.84,772161.78,41.15,35.404761904761905,0.0,0.0,304.166979329586,0.004331958293914795,304.1626473712921,0.0
play_qwen3-30b_attncompess,100,43,43.0,53.94735829210406,542293.94,10576.89,364358.55,45.21,38.93023255813954,0.0,0.0,366.64589501857756,66.55039807796479,300.09549694061275,0.0
play_qwen3-30b_random,100,38,38.0,25.029604847204517,772022.96,12936.1,589945.07,55.1,41.28947368421053,0.0,0.0,371.30207273244855,0.5097083878517151,370.7923643445968,0.12
play_qwen3-30b_lingua,100,38,38.0,22.590196451335636,730170.84,13088.99,569844.7,55.75,44.078947368421055,0.0,0.0,404.7871231341362,35.33495565652847,369.45216747760776,0.07
play_qwen3-30b_llm_summary,100,41,41.0,17.488111905177576,765442.19,12911.47,631617.29,42.77,36.8780487804878,18850.0,2708.23,397.0881370019913,52.74837093114853,344.33976607084276,0.02
play_qwen3-30b_obs_mask,100,35,35.0,0.7472073060927011,446365.25,10473.34,396325.7,49.89,41.74285714285714,0.0,0.0,308.6850602388382,0.09420861721038819,308.59085162162785,0.02
play_qwen3-30b_ours,100,39,39.0,26.67860045874689,596028.81,9853.03,488501.69,42.46,34.76923076923077,73378.84,14359.79,498.54252420663835,248.14514051914216,250.3973836874962,0.02
